Model,Accuracy,Precision,Recall,F1-Score,AUC
Fatigue,0.9291666666666667,0.9317542791038702,0.9291666666666667,0.9296353622623127,0.9334730329357889
Mental Health,0.8838174273858921,0.8774865041146838,0.8838174273858921,0.8781482227936647,0.8707058112216107
