Model,Accuracy,Precision,Recall,F1-Score,AUC
Fatigue,0.9291666666666667,0.9303982337169668,0.9291666666666667,0.9293572539972582,0.9330536321029462
Mental Health,0.8838174273858921,0.8784653316495279,0.8838174273858921,0.8804728426307349,0.874584642012584
