Model,Accuracy,Precision,Recall,F1-Score,AUC
Fatigue,0.9166666666666666,0.9219015186202685,0.9166666666666666,0.918384544146506,0.9230041299274309
Activity,0.8838174273858921,0.8814171651308581,0.8838174273858921,0.882395060636947,0.8868250563206042
Mental Health,0.8879668049792531,0.8896955658294906,0.8879668049792531,0.8885591436646822,0.8897391228438698
